Release Date,Title,Provider
2017,Little Nightmares,Valve
2017,Entropy Zero,Valve
2017,Wolfenstein: The new Colossus,Valve
2017,Bendy and the Ink Machine,Epic
2017,Styx: Shards of Darkness,Epic
2017,Star Wars: Battlefront II,Epic
2018,Shadow of the Tomb Raider,Epic
2018,Battlefield V,Valve
2018,Vampyr,Valve
2018,Red Dead Redemption II,Valve
2019,Resident Evil 2,Valve
2019,Metro: Exodus,Valve
2019,Death Stranding,Epic
2019,A Plague tale: Innocence,GOG
2020,Black Mesa (HLife 1 with HLife2 engine),Valve
2020,Doom Eternal,Valve
2020,Tell me why,
2020,C&C Remastered,Valve
2020,Maid of Sker,Epic
2020,Mafia II: Definitive Edition,GOG
2020,Mafia III: Definitive Edition,GOG
2020,Mafia: Definitive Edition,Epic
2020,Cyberpunk 2077,Valve
2020,Amnesia: Rebirth ,Epic
2020,Resident Evil 3,Valve
2021,Resident Evil Village,Valve
2021,Saints Row The Third Remasterd,GOG
2021,Guardians of the Galaxy,Epic
2021,World War Z Aftermath,Epic
2021,GameDec Definitive Edition,GOG
2021,Entropy Zero 2,Valve
2021,Crysis Remastered,GOG
2022,Crysis 2 Remastered,GOG
2022,Crysis 3 Remastered,GOG
2022,Anger Foot (beta),itch.io
2022,Evil Dead: the Game,Epic
2022,Fallout 2,Epic
2022,Callisto Protocol,Epic
2023,Fort Solis,GOG
2023,Amnesia: the bunker,Epic
2023,Dead Island 2,Epic
2023,Dead Space  Remastered,Valve
2023,Resident Evil 4,Valve
2023,Atomic Heart,Valve
2023,Alone in the Dark: Prologue,Valve
2023,Robocop: Rogue City,Valve
2024,Nobody want to die,Epic
2025,Grand Theft Auto V Enhanced,Epic
2025,STALKER.: Shadow of Chernobyl   Enhanced,GOG
